{"n_samples": 441, "n_features": 10, "discrete_data": false, "columns_names": ["151", "0.038076", "0.05068", "0.061696", "0.021872", "-0.044223", "-0.034821", "-0.043401", "-0.002592", "0.019908", "-0.017646"], "som_tam_eje_x": 2, "som_tam_eje_y": 2}